-- 품목 테이블 초기 데이터
INSERT INTO 품목 (코드, 품목명, 규격) VALUES
('505325', '참외', '3KG'),
('513047', '바이오더마 클렌징 워터', '500ML X 2개'),
('540937', '사과', '3kg'),
('580680', '동원 고추참치', '100g × 12캔'),
('584857', '하이네켄', '500ML X 8개'),
('598790', '크리넥스 소프트엠보싱 물티슈', '60매 × 8팩'),
('608719', '햇반 이천 쌀밥', '210G X 18개'),
('634120', '일품채 리코타/닭가슴살샐러드', '3팩'),
('649272', '다우니에이프릴 프래쉬', '5.03L'),
('656064', '델몬트 바나나', ''),
('660179', '비비고 사골시레기된장국', '460g × 5봉'),
('661129', '친환경 당근', '2kg'),
('663486', '리스토란테 피자', '3개 X 2'),
('670700', '종가 맛김치', '1.5KG'),
('672823', '무아스 헤어 드라이어', ''),
('674078', '포카리스웨트 이온음료', '340ml × 20팩'),
('676532', '초밥세트', '32피스'),
('682363', '삼육두유', '190ML X 24개'),
('713160', 'KS 다용도 극세사타올 (노랑)', '40×40cm × 36장'),
('742482', '크리넥스 빨아쓰는 행주타월', '45매 × 6롤'),
('833639', 'KS 구운 재래김 – 신안산', '17g × 10봉'),
('1821926', 'KS 먹는 샘물', '500ML X 40팩');

-- 구매자 테이블 초기 데이터
INSERT INTO 구매 (구매자명) VALUES
('현수'),
('채영');

-- 매장 테이블 초기 데이터
INSERT INTO 매장 (매장명, 위도, 경도) VALUES
('코스트코 하남점', 37.552003, 127.223492),
('코스트코 광명점', 37.477849, 126.864561),
('코스트코 양평점', 37.491626, 126.885438),
('코스트코 양재점', 37.467300, 127.038370),
('코스트코 송파점', 37.478406, 127.144785),
('코스트코 상봉점', 37.595015, 127.086826),
('코스트코 공세점', 37.232222, 127.072222),
('코스트코 일산점', 37.674702, 126.761306),
('코스트코 의정부점', 37.748232, 127.077553),
('코스트코 송도점', 37.382324, 126.643019),
('코스트코 대구점', 35.857375, 128.624876),
('코스트코 대구혁신점', 35.885833, 128.637778),
('코스트코 천안점', 36.819964, 127.157197),
('코스트코 천안아산점', 36.815833, 127.113611),
('코스트코 대전점', 36.350321, 127.384834),
('코스트코 세종점', 36.480167, 127.289167),
('코스트코 춘천점', 37.874167, 127.734722),
('코스트코 부산점', 35.168286, 129.072544),
('코스트코 김해점', 35.205833, 128.806111),
('코스트코 울산점', 35.535099, 129.311441),
('코스트코 광주점', 35.139984, 126.793857),
('코스트코 전주점', 35.841667, 127.1275),
('코스트코 청주점', 36.6425, 127.489167),
('코스트코 포항점', 36.019722, 129.343611),
('코스트코 제주점', 33.492222, 126.484722);

-- 구매기록 테이블 초기 데이터
INSERT INTO 구매기록 (구매일자, 품목코드, 수량, 가격, 할인금액, 구매금액, 구매자번호, 매장번호) VALUES
('2025-07-05', '505325', 1, 13890, 2000, 11890, 1, 1),
('2025-07-05', '513047', 1, 27990, 0, 27990, 1, 1),
('2025-07-05', '608719', 1, 19890, 2000, 17890, 1, 1),
('2025-07-05', '649272', 1, 24790, 6300, 18490, 1, 1),
('2025-07-05', '670700', 1, 8990, 0, 8990, 1, 1),
('2025-07-05', '672823', 1, 79900, 0, 79900, 1, 1),
('2025-07-05', '742482', 1, 18990, 0, 18990, 1, 1),
('2025-07-05', '634120', 3, 9990, 0, 29970, 2, 1),
('2025-07-05', '682363', 1, 12990, 2600, 10390, 2, 1),
('2025-07-05', '833639', 1, 9490, 0, 9490, 2, 1),
('2025-07-05', '1821926', 1, 6150, 0, 6150, 2, 1),
('2025-07-19', '505325', 2, 9990, 0, 19980, 1, 3),
('2025-07-19', '584857', 1, 15990, 3300, 12690, 1, 3),
('2025-07-19', '656064', 1, 2190, 0, 2190, 1, 3),
('2025-07-19', '663486', 1, 27990, 0, 27990, 2, 3),
('2025-08-02', '505325', 3, 17890, 0, 53670, 1, 1),
('2025-08-02', '598790', 1, 9990, 0, 9990, 1, 1),
('2025-08-02', '713160', 1, 21490, 0, 21490, 1, 1),
('2025-08-02', '540937', 1, 25890, 0, 25890, 2, 1),
('2025-08-02', '580680', 1, 16690, 0, 16690, 2, 1),
('2025-08-02', '634120', 2, 9990, 0, 19980, 2, 1),
('2025-08-02', '660179', 1, 15790, 0, 15790, 2, 1),
('2025-08-02', '661129', 1, 10990, 0, 10990, 2, 1),
('2025-08-02', '674078', 1, 15790, 0, 15790, 2, 1),
('2025-08-02', '676532', 1, 29990, 0, 29990, 2, 1),
('2025-08-02', '742482', 1, 18990, 0, 18990, 2, 1),
('2025-08-02', '833639', 1, 12490, 0, 12490, 2, 1);
